<?xml version="1.0" encoding="UTF-8" standalone="yes"?>
<manifest>
  <control namespace="WordCloudns" constructor="WordCloud" version="0.0.1" display-name-key="WordCloud" description-key="main control" control-type="standard" api-version="1.2.3">
    <type-group name="strings">
      <type>SingleLine.Text</type>
      <type>SingleLine.TextArea</type>
      <type>Multiple</type>
    </type-group>
    <data-set name="datasource" display-name-key="Data Source">
      <property-set name="targetfield" display-name-key="target Field" description-key="" of-type-group="strings" usage="bound" required="true"/>
    </data-set>
    <property name="nGram" display-name-key="nGram" description-key="nGram" of-type="Whole.None" usage="input" required="true"/>
    <property name="max_number_words" display-name-key="max_number_words" description-key="max_number_words" of-type="Whole.None" usage="input" required="true"/>
    <resources>
      <code path="bundle.js" order="1"/>
      <css path="css/WordCloud.css" order="2"/>
    </resources>
    <built-by name="pac" version="1.3.1"/>
  </control>
</manifest>